{"data":{"wpPage":{"frontPage":{"section2":{"buttonTravelExperience":"/loyalty-banner","offersTitle":"Offers","featuredPost1":{"id":"cG9zdDoxOTU0","title":"VOLTA4u Suv Car Rental Deals","slug":"book-your-van-now","categories":{"nodes":[{"name":"Offers","slug":"offers"}]},"featuredImage":{"node":{"sourceUrl":"https://admin.volta4u.com/wp-content/uploads/2022/08/New-photo.jpg"}},"excerpt":"<p>VOLTA4u offers are unlimited throughout the year.<br />\nCelebrate the beginning of the festive celebrations by treating yourself with a winter gateway.</p>\n"},"featuredPost2":{"id":"cG9zdDozMjM=","title":"Panda Cross Offer","slug":"monthly-rental-offer","categories":{"nodes":[{"name":"Offers","slug":"offers"}]},"featuredImage":{"node":{"sourceUrl":"https://admin.volta4u.com/wp-content/uploads/2021/04/new-offer.jpg"}},"excerpt":"<p>VOLTA4u strengthen their fleet with the brand new Panda Cross. Plan your dream holiday or get the best for your trip this winter with our exclusives offers and benefit from our new vehicles! Use code PandaC in your booking to coupon section and receive a 10% discount for a Panda Cross. What are you waiting [&hellip;]</p>\n"},"featuredPost3":{"id":"cG9zdDoxOTY3","title":"Special Discount at Eparking4u","slug":"eparking4u-special-discount","categories":{"nodes":[{"name":"Offers","slug":"offers"}]},"featuredImage":{"node":{"sourceUrl":"https://admin.volta4u.com/wp-content/uploads/2022/08/eparking_final.jpg"}},"excerpt":"<p>Volta4u customers can have a 15% discount for parking bookings on eparking4u.gr using the coupon VOLTA4U15OFF. Leave your car with our care and fly to your destination. Book now your parking spot from us and benefit from our special discount. Get your offer through: What do we offer? What are you waiting for? We are [&hellip;]</p>\n"}}}}}}