{"data":{"wpMenu":{"name":"footercolumntwo","menuItems":{"nodes":[{"label":"CORPORATE ACCOUNT","url":"/corporate-account/","databaseId":1018,"connectedNode":{"node":{"uri":"/corporate-account/"}}},{"label":"TOUR OPERATORS","url":"/tour-operators/","databaseId":1020,"connectedNode":{"node":{"uri":"/tour-operators/"}}},{"label":"TRAVEL AGENTS","url":"/travel-agents/","databaseId":1021,"connectedNode":{"node":{"uri":"/travel-agents/"}}},{"label":"FRANCHISEES","url":"/franchisees/","databaseId":1019,"connectedNode":{"node":{"uri":"/franchisees/"}}}]}}}}