{"data":{"wpMenu":{"name":"footercolumnfour","menuItems":{"nodes":[{"label":"DAMAGE MANAGEMENT POLICY","url":"/damage-management-policy/","databaseId":1055,"connectedNode":{"node":{"uri":"/damage-management-policy/"}}},{"label":"DEPOSIT POLICY","url":"/deposit-policy/","databaseId":1054,"connectedNode":{"node":{"uri":"/deposit-policy/"}}},{"label":"SECURITY AND PRIVACY POLICY","url":"/security-and-privacy-policy/","databaseId":1053,"connectedNode":{"node":{"uri":"/security-and-privacy-policy/"}}},{"label":"TERMS AND CONDITIONS","url":"/terms-and-conditions/","databaseId":1052,"connectedNode":{"node":{"uri":"/terms-and-conditions/"}}},{"label":"COOKIES POLICY","url":"/cookies-policy/","databaseId":2337,"connectedNode":{"node":{"uri":"/cookies-policy/"}}}]}}}}