{"data":{"wpPage":{"frontPage":{"section3":{"ctaButtonLink1":"/loyalty-banner/","ctaButtonLink2":"/leasing","ctaButtonLink3":"#","ctaButtonText1":"DISCOVER MORE","ctaButtonText2":"BOOK NOW","ctaButtonText3":"CHECK-IN NOW","ctaIcon1":{"sourceUrl":"https://admin.volta4u.com/wp-content/uploads/2021/04/Discounts-Benefits.png"},"ctaIcon2":{"sourceUrl":"https://admin.volta4u.com/wp-content/uploads/2021/04/Daily-Weekly-or-Monthly.png"},"ctaIcon3":{"sourceUrl":"https://admin.volta4u.com/wp-content/uploads/2021/04/Online-Check-in.png"},"ctaSubtitle1":"Become a loyalty program member","ctaSubtitle2":"Rent a car for as long as you need it","ctaSubtitle3":"Get on the road as fast as possible","ctaTitle1":"Discounts & Benefits","ctaTitle2":"Leasing","ctaTitle3":"Ready Service ","fleetCategorie1Image":{"sourceUrl":"https://admin.volta4u.com/wp-content/uploads/2021/10/City_Cars@3x.png"},"fleetCategorie2Image":{"sourceUrl":"https://admin.volta4u.com/wp-content/uploads/2021/10/group-39@3x.png"},"fleetCategorie3Image":{"sourceUrl":"https://admin.volta4u.com/wp-content/uploads/2021/10/group-46@3x.png"},"fleetCategorie4Image":{"sourceUrl":"https://admin.volta4u.com/wp-content/uploads/2021/10/group-43@3x.jpg"},"fleetCategorie5Image":{"sourceUrl":"https://admin.volta4u.com/wp-content/uploads/2021/10/group-51@3x.png"},"fleetCategorie6Image":{"sourceUrl":"https://admin.volta4u.com/wp-content/uploads/2021/10/group-42@3x.png"},"fleetCategorie7Image":{"sourceUrl":"https://admin.volta4u.com/wp-content/uploads/2021/10/group-40@3x-1.png"},"fleetCategorie8Image":{"sourceUrl":"https://admin.volta4u.com/wp-content/uploads/2021/10/Vans_Cars@3x.png"},"fleetCategorieLink1":"/our-fleet/compact/","fleetCategorieLink2":"/our-fleet/economy/","fleetCategorieLink3":"/our-fleet/luxury/","fleetCategorieLink4":"/our-fleet/vans/","fleetCategorieLink5":"/our-fleet/mini/","fleetCategorieLink6":"/our-fleet/premium/","fleetCategorieLink7":"/our-fleet/suv/","fleetCategorieLink8":"/our-fleet/cargo-vans/","fleetCategorieText1":"These range from compact and fuel-efficient city to eco-friendly model.","fleetCategorieText2":"Discover our models of electric, hybrid or plug-in vehicles.","fleetCategorieText3":"You can choose from a wide range of luxury vehicles made by legendary manufacturers.","fleetCategorieText4":"You are looking for a van or 4x4 for your business or leisure trip, or a van or truck for a job?","fleetCategorieText5":"If you want to drive in the city,  you can choose from our range of mini vehicles","fleetCategorieText6":"Discover our range of Premium vehicles and drive wealthy.","fleetCategorieText7":"You can choose a vehicle from our SUV range and load everything up.","fleetCategorieText8":"Want to move your equipment? Rent a cargo van from us and ease up on the space.","fleetCategorieTitle1":"Compact","fleetCategorieTitle2":"Economy","fleetCategorieTitle3":"Luxury","fleetCategorieTitle4":"Van","fleetCategorieTitle5":"Mini","fleetCategorieTitle6":"Premium","fleetCategorieTitle7":"SUV Car","fleetCategorieTitle8":"Cargo Vans","fleetSubtitle":"Take the opportunity to test our new models.","fleetTitle":"A constantly renewed fleet"}}}}}