{"data":{"wpPage":{"frontPage":{"section4":{"featuredPostSutitle":"Find all the latest interesting news about Volta4u here!","featuredPostTitle":"What's new","featuredPosts1":{"id":"cG9zdDoxNTM=","title":"Everything you need to know About Driving in Winter.","slug":"everything-you-need-to-know-about-driving-in-winter","categories":{"nodes":[{"name":"News","slug":"news"}]},"featuredImage":{"node":{"sourceUrl":"https://admin.volta4u.com/wp-content/uploads/2021/04/postimg3.jpg"}},"excerpt":"<p>Winter getaways are an opportunity for some of the most beautiful and warm family moments, but because the winter weather can be intense and unpredictable it is good to prepare ourselves and the car for any condition. Driving conditions in winter are getting harder as we drive with low lighting and visibility while the traction [&hellip;]</p>\n"},"featuredPosts2":{"id":"cG9zdDozNTM=","title":"Greece Toll Roads Everything You Need to Know","slug":"greece-toll-roads-abroad-driving-everything-you-need-to-know","categories":{"nodes":[{"name":"News","slug":"news"}]},"featuredImage":{"node":{"sourceUrl":"https://admin.volta4u.com/wp-content/uploads/2021/04/toll-1.jpg"}},"excerpt":"<p>Toll roads in Greece There are two major toll roads in Greece that you need to be aware of. One of them goes from Athens to Thessaloniki and the other from Igoumenitsa to Alexandroupolis. Tolls are collected at both manned and automated booths and can occur on several routes, so it pays to have a [&hellip;]</p>\n"},"featuredPosts3":{"id":"cG9zdDozNTI=","title":"5 tips to drive greener and feel better","slug":"5-tips-to-drive-greener-and-feel-better","categories":{"nodes":[{"name":"News","slug":"news"}]},"featuredImage":{"node":{"sourceUrl":"https://admin.volta4u.com/wp-content/uploads/2021/04/postimg2.jpg"}},"excerpt":"<p>It’s rather easy to reduce your carbon footprint when you’re behind the wheel. It will help you feel better and your wallet will thank you. </p>\n"},"featuredPosts4":{"id":"cG9zdDoyNzk=","title":"Rules of the Road: Your essential guide for moving around Greece","slug":"save-with-our-member-discount","categories":{"nodes":[{"name":"News","slug":"news"}]},"featuredImage":{"node":{"sourceUrl":"https://admin.volta4u.com/wp-content/uploads/2021/04/postimg1.jpg"}},"excerpt":"<p>Greece is hands-down one of the best destinations in Europe – if not the world – for a road trip!</p>\n"}}}}}}