{"data":{"wpMenu":{"name":"footercolumnthree","menuItems":{"nodes":[{"label":"ABOUT US","url":"/about-us/","databaseId":1039,"connectedNode":{"node":{"uri":"/about-us/"}}},{"label":"IMPORTANT INFORMATION","url":"/important-information/","databaseId":1038,"connectedNode":{"node":{"uri":"/important-information/"}}},{"label":"CAREERS","url":"/careers/","databaseId":1037,"connectedNode":{"node":{"uri":"/careers/"}}},{"label":"USED CARS FOR SALE","url":"/used-cars-for-sale/","databaseId":1036,"connectedNode":{"node":{"uri":"/used-cars-for-sale/"}}}]}}}}