{"data":{"wpPage":{"frontPage":{"section2":{"buttonTravelExperience":"/loyalty-banner","travelExperienceImage":{"sourceUrl":"https://admin.volta4u.com/wp-content/uploads/2021/05/slide1.jpg"},"travelExperianceTitle":"Loyalty Program","travelParagraph":"Were you happy with your recent Rental Experience with Volta4u? \r\n\r\nDo you plan on always using Volta4u for your rental needs?\r\n\r\nYou can now subscribe in our Loyalty program and enjoy benefits that boost your experience.\r\n\r\nFor more information visit our Loyalty page and learn all about our Loyalty tiers and advantages."}}}}}