{"data":{"wpMenu":{"name":"footercolumnone","menuItems":{"nodes":[{"label":"CONTACT US","url":"/contact-us/","databaseId":1003,"connectedNode":{"node":{"uri":"/contact-us/"}}},{"label":"FIND A RENTAL LOCATION","url":"/find-a-rental-location/","databaseId":379,"connectedNode":{"node":{"uri":"/find-a-rental-location/"}}},{"label":"OUR FLEET","url":"/our-fleet/","databaseId":1004,"connectedNode":{"node":{"uri":"/our-fleet/"}}},{"label":"GREEN POLICY","url":"/green-policy/","databaseId":372,"connectedNode":{"node":{"uri":"/green-policy/"}}}]}}}}