{"app":["/app-deeaeec222d042b4fa71.js"],"gatsby-plugin-image":["/gatsby-plugin-image-3f5fbf22fc3424d8da35.js"],"component---src-pages-404-js":["/component---src-pages-404-js-fff3c77da2b8f028fbb4.js"],"component---src-templates-archive-js":["/component---src-templates-archive-js-7a2c246a291f31b3633e.js"],"component---src-templates-types-page-js":["/component---src-templates-types-page-js-a9b48e7a156b3d9a34ac.js"],"component---src-templates-types-post-js":["/component---src-templates-types-post-js-d954430906935f1ef578.js"]}