{"name":"build-javascript","namedChunkGroups":{"app":{"name":"app","assets":[{"name":"webpack-runtime-371d9507524eb20f10c9.js","size":4269},{"name":"styles.98c926162f4a558b09b1.css","size":388760},{"name":"framework-3d53de6dc5df2305ba3f.js","size":210229},{"name":"app-deeaeec222d042b4fa71.js","size":94099}],"filteredAssets":0,"assetsSize":697357,"filteredAuxiliaryAssets":6,"auxiliaryAssetsSize":1856684},"gatsby-plugin-image":{"name":"gatsby-plugin-image","assets":[{"name":"gatsby-plugin-image-3f5fbf22fc3424d8da35.js","size":17029}],"filteredAssets":0,"assetsSize":17029,"filteredAuxiliaryAssets":1,"auxiliaryAssetsSize":75433},"component---src-pages-404-js":{"name":"component---src-pages-404-js","assets":[{"name":"styles.98c926162f4a558b09b1.css","size":388760},{"name":"8710b798-d920b8bb337728e68e0a.js","size":94106},{"name":"commons-afb439ad444929f37636.js","size":110584},{"name":"component---src-pages-404-js-fff3c77da2b8f028fbb4.js","size":881}],"filteredAssets":0,"assetsSize":594331,"filteredAuxiliaryAssets":6,"auxiliaryAssetsSize":1703083},"component---src-templates-archive-js":{"name":"component---src-templates-archive-js","assets":[{"name":"styles.98c926162f4a558b09b1.css","size":388760},{"name":"8710b798-d920b8bb337728e68e0a.js","size":94106},{"name":"commons-afb439ad444929f37636.js","size":110584},{"name":"2d42dc2c26b8625e773ed05d4e58eb4e245ab7d7-59c5e61ae8166c79aa54.js","size":13167},{"name":"component---src-templates-archive-js-7a2c246a291f31b3633e.js","size":4373}],"filteredAssets":0,"assetsSize":610990,"filteredAuxiliaryAssets":7,"auxiliaryAssetsSize":1766255},"component---src-templates-types-page-js":{"name":"component---src-templates-types-page-js","assets":[{"name":"styles.98c926162f4a558b09b1.css","size":388760},{"name":"8710b798-d920b8bb337728e68e0a.js","size":94106},{"name":"commons-afb439ad444929f37636.js","size":110584},{"name":"component---src-templates-types-page-js-a9b48e7a156b3d9a34ac.js","size":17505}],"filteredAssets":0,"assetsSize":610955,"filteredAuxiliaryAssets":15,"auxiliaryAssetsSize":6163401},"component---src-templates-types-post-js":{"name":"component---src-templates-types-post-js","assets":[{"name":"styles.98c926162f4a558b09b1.css","size":388760},{"name":"8710b798-d920b8bb337728e68e0a.js","size":94106},{"name":"commons-afb439ad444929f37636.js","size":110584},{"name":"2d42dc2c26b8625e773ed05d4e58eb4e245ab7d7-59c5e61ae8166c79aa54.js","size":13167},{"name":"component---src-templates-types-post-js-d954430906935f1ef578.js","size":7954}],"filteredAssets":0,"assetsSize":614571,"filteredAuxiliaryAssets":7,"auxiliaryAssetsSize":1779771}},"assetsByChunkName":{"app":["webpack-runtime-371d9507524eb20f10c9.js","styles.98c926162f4a558b09b1.css","framework-3d53de6dc5df2305ba3f.js","app-deeaeec222d042b4fa71.js"],"gatsby-plugin-image":["gatsby-plugin-image-3f5fbf22fc3424d8da35.js"],"component---src-pages-404-js":["styles.98c926162f4a558b09b1.css","8710b798-d920b8bb337728e68e0a.js","commons-afb439ad444929f37636.js","component---src-pages-404-js-fff3c77da2b8f028fbb4.js"],"component---src-templates-archive-js":["styles.98c926162f4a558b09b1.css","8710b798-d920b8bb337728e68e0a.js","commons-afb439ad444929f37636.js","2d42dc2c26b8625e773ed05d4e58eb4e245ab7d7-59c5e61ae8166c79aa54.js","component---src-templates-archive-js-7a2c246a291f31b3633e.js"],"component---src-templates-types-page-js":["styles.98c926162f4a558b09b1.css","8710b798-d920b8bb337728e68e0a.js","commons-afb439ad444929f37636.js","component---src-templates-types-page-js-a9b48e7a156b3d9a34ac.js"],"component---src-templates-types-post-js":["styles.98c926162f4a558b09b1.css","8710b798-d920b8bb337728e68e0a.js","commons-afb439ad444929f37636.js","2d42dc2c26b8625e773ed05d4e58eb4e245ab7d7-59c5e61ae8166c79aa54.js","component---src-templates-types-post-js-d954430906935f1ef578.js"]},"childAssetsByChunkName":{}}